Label,# 样本,平均值,中位数,90% 百分位,95% 百分位,99% 百分位,最小值,最大值,异常 %,吞吐量,接收 KB/sec,发送 KB/sec
HTTP请求,11554,11,7,13,17,49,0,1471,49.758%,193.01704,1990.04,17.43
总体,11554,11,7,13,17,49,0,1471,49.758%,193.01704,1990.04,17.43
